--
-- PostgreSQL database dump
--

\restrict 9atxIohgGZy97DEPQhA6XDBi00Yff5MXk7zhn6CTWLdvU4qySpLdCbvgZMmXD3k

-- Dumped from database version 18.4
-- Dumped by pg_dump version 18.4

SET statement_timeout = 0;
SET lock_timeout = 0;
SET idle_in_transaction_session_timeout = 0;
SET transaction_timeout = 0;
SET client_encoding = 'UTF8';
SET standard_conforming_strings = on;
SELECT pg_catalog.set_config('search_path', '', false);
SET check_function_bodies = false;
SET xmloption = content;
SET client_min_messages = warning;
SET row_security = off;

SET default_tablespace = '';

SET default_table_access_method = heap;

--
-- Name: auth_group; Type: TABLE; Schema: public; Owner: -
--

CREATE TABLE public.auth_group (
    id integer NOT NULL,
    name character varying(150) NOT NULL
);


--
-- Name: auth_group_id_seq; Type: SEQUENCE; Schema: public; Owner: -
--

ALTER TABLE public.auth_group ALTER COLUMN id ADD GENERATED BY DEFAULT AS IDENTITY (
    SEQUENCE NAME public.auth_group_id_seq
    START WITH 1
    INCREMENT BY 1
    NO MINVALUE
    NO MAXVALUE
    CACHE 1
);


--
-- Name: auth_group_permissions; Type: TABLE; Schema: public; Owner: -
--

CREATE TABLE public.auth_group_permissions (
    id bigint NOT NULL,
    group_id integer NOT NULL,
    permission_id integer NOT NULL
);


--
-- Name: auth_group_permissions_id_seq; Type: SEQUENCE; Schema: public; Owner: -
--

ALTER TABLE public.auth_group_permissions ALTER COLUMN id ADD GENERATED BY DEFAULT AS IDENTITY (
    SEQUENCE NAME public.auth_group_permissions_id_seq
    START WITH 1
    INCREMENT BY 1
    NO MINVALUE
    NO MAXVALUE
    CACHE 1
);


--
-- Name: auth_permission; Type: TABLE; Schema: public; Owner: -
--

CREATE TABLE public.auth_permission (
    id integer NOT NULL,
    name character varying(255) NOT NULL,
    content_type_id integer NOT NULL,
    codename character varying(100) NOT NULL
);


--
-- Name: auth_permission_id_seq; Type: SEQUENCE; Schema: public; Owner: -
--

ALTER TABLE public.auth_permission ALTER COLUMN id ADD GENERATED BY DEFAULT AS IDENTITY (
    SEQUENCE NAME public.auth_permission_id_seq
    START WITH 1
    INCREMENT BY 1
    NO MINVALUE
    NO MAXVALUE
    CACHE 1
);


--
-- Name: django_admin_log; Type: TABLE; Schema: public; Owner: -
--

CREATE TABLE public.django_admin_log (
    id integer NOT NULL,
    action_time timestamp with time zone NOT NULL,
    object_id text,
    object_repr character varying(200) NOT NULL,
    action_flag smallint NOT NULL,
    change_message text NOT NULL,
    content_type_id integer,
    user_id bigint NOT NULL,
    CONSTRAINT django_admin_log_action_flag_check CHECK ((action_flag >= 0))
);


--
-- Name: django_admin_log_id_seq; Type: SEQUENCE; Schema: public; Owner: -
--

ALTER TABLE public.django_admin_log ALTER COLUMN id ADD GENERATED BY DEFAULT AS IDENTITY (
    SEQUENCE NAME public.django_admin_log_id_seq
    START WITH 1
    INCREMENT BY 1
    NO MINVALUE
    NO MAXVALUE
    CACHE 1
);


--
-- Name: django_content_type; Type: TABLE; Schema: public; Owner: -
--

CREATE TABLE public.django_content_type (
    id integer NOT NULL,
    app_label character varying(100) NOT NULL,
    model character varying(100) NOT NULL
);


--
-- Name: django_content_type_id_seq; Type: SEQUENCE; Schema: public; Owner: -
--

ALTER TABLE public.django_content_type ALTER COLUMN id ADD GENERATED BY DEFAULT AS IDENTITY (
    SEQUENCE NAME public.django_content_type_id_seq
    START WITH 1
    INCREMENT BY 1
    NO MINVALUE
    NO MAXVALUE
    CACHE 1
);


--
-- Name: django_migrations; Type: TABLE; Schema: public; Owner: -
--

CREATE TABLE public.django_migrations (
    id bigint NOT NULL,
    app character varying(255) NOT NULL,
    name character varying(255) NOT NULL,
    applied timestamp with time zone NOT NULL
);


--
-- Name: django_migrations_id_seq; Type: SEQUENCE; Schema: public; Owner: -
--

ALTER TABLE public.django_migrations ALTER COLUMN id ADD GENERATED BY DEFAULT AS IDENTITY (
    SEQUENCE NAME public.django_migrations_id_seq
    START WITH 1
    INCREMENT BY 1
    NO MINVALUE
    NO MAXVALUE
    CACHE 1
);


--
-- Name: django_session; Type: TABLE; Schema: public; Owner: -
--

CREATE TABLE public.django_session (
    session_key character varying(40) NOT NULL,
    session_data text NOT NULL,
    expire_date timestamp with time zone NOT NULL
);


--
-- Name: projects_project; Type: TABLE; Schema: public; Owner: -
--

CREATE TABLE public.projects_project (
    id bigint NOT NULL,
    name character varying(200) NOT NULL,
    description text,
    created_at timestamp with time zone NOT NULL,
    github_url character varying(200),
    status character varying(6) NOT NULL,
    owner_id bigint NOT NULL
);


--
-- Name: projects_project_id_seq; Type: SEQUENCE; Schema: public; Owner: -
--

ALTER TABLE public.projects_project ALTER COLUMN id ADD GENERATED BY DEFAULT AS IDENTITY (
    SEQUENCE NAME public.projects_project_id_seq
    START WITH 1
    INCREMENT BY 1
    NO MINVALUE
    NO MAXVALUE
    CACHE 1
);


--
-- Name: projects_project_participants; Type: TABLE; Schema: public; Owner: -
--

CREATE TABLE public.projects_project_participants (
    id bigint NOT NULL,
    project_id bigint NOT NULL,
    user_id bigint NOT NULL
);


--
-- Name: projects_project_participants_id_seq; Type: SEQUENCE; Schema: public; Owner: -
--

ALTER TABLE public.projects_project_participants ALTER COLUMN id ADD GENERATED BY DEFAULT AS IDENTITY (
    SEQUENCE NAME public.projects_project_participants_id_seq
    START WITH 1
    INCREMENT BY 1
    NO MINVALUE
    NO MAXVALUE
    CACHE 1
);


--
-- Name: users_user; Type: TABLE; Schema: public; Owner: -
--

CREATE TABLE public.users_user (
    id bigint NOT NULL,
    password character varying(128) NOT NULL,
    last_login timestamp with time zone,
    is_superuser boolean NOT NULL,
    email character varying(254) NOT NULL,
    name character varying(124) NOT NULL,
    surname character varying(124) NOT NULL,
    avatar character varying(100) NOT NULL,
    phone character varying(12),
    github_url character varying(200),
    about text,
    is_active boolean NOT NULL,
    is_staff boolean NOT NULL,
    created_at timestamp with time zone NOT NULL
);


--
-- Name: users_user_favorites; Type: TABLE; Schema: public; Owner: -
--

CREATE TABLE public.users_user_favorites (
    id bigint NOT NULL,
    user_id bigint NOT NULL,
    project_id bigint NOT NULL
);


--
-- Name: users_user_favorites_id_seq; Type: SEQUENCE; Schema: public; Owner: -
--

ALTER TABLE public.users_user_favorites ALTER COLUMN id ADD GENERATED BY DEFAULT AS IDENTITY (
    SEQUENCE NAME public.users_user_favorites_id_seq
    START WITH 1
    INCREMENT BY 1
    NO MINVALUE
    NO MAXVALUE
    CACHE 1
);


--
-- Name: users_user_groups; Type: TABLE; Schema: public; Owner: -
--

CREATE TABLE public.users_user_groups (
    id bigint NOT NULL,
    user_id bigint NOT NULL,
    group_id integer NOT NULL
);


--
-- Name: users_user_groups_id_seq; Type: SEQUENCE; Schema: public; Owner: -
--

ALTER TABLE public.users_user_groups ALTER COLUMN id ADD GENERATED BY DEFAULT AS IDENTITY (
    SEQUENCE NAME public.users_user_groups_id_seq
    START WITH 1
    INCREMENT BY 1
    NO MINVALUE
    NO MAXVALUE
    CACHE 1
);


--
-- Name: users_user_id_seq; Type: SEQUENCE; Schema: public; Owner: -
--

ALTER TABLE public.users_user ALTER COLUMN id ADD GENERATED BY DEFAULT AS IDENTITY (
    SEQUENCE NAME public.users_user_id_seq
    START WITH 1
    INCREMENT BY 1
    NO MINVALUE
    NO MAXVALUE
    CACHE 1
);


--
-- Name: users_user_user_permissions; Type: TABLE; Schema: public; Owner: -
--

CREATE TABLE public.users_user_user_permissions (
    id bigint NOT NULL,
    user_id bigint NOT NULL,
    permission_id integer NOT NULL
);


--
-- Name: users_user_user_permissions_id_seq; Type: SEQUENCE; Schema: public; Owner: -
--

ALTER TABLE public.users_user_user_permissions ALTER COLUMN id ADD GENERATED BY DEFAULT AS IDENTITY (
    SEQUENCE NAME public.users_user_user_permissions_id_seq
    START WITH 1
    INCREMENT BY 1
    NO MINVALUE
    NO MAXVALUE
    CACHE 1
);


--
-- Data for Name: auth_group; Type: TABLE DATA; Schema: public; Owner: -
--

COPY public.auth_group (id, name) FROM stdin;
\.


--
-- Data for Name: auth_group_permissions; Type: TABLE DATA; Schema: public; Owner: -
--

COPY public.auth_group_permissions (id, group_id, permission_id) FROM stdin;
\.


--
-- Data for Name: auth_permission; Type: TABLE DATA; Schema: public; Owner: -
--

COPY public.auth_permission (id, name, content_type_id, codename) FROM stdin;
1	Can add log entry	1	add_logentry
2	Can change log entry	1	change_logentry
3	Can delete log entry	1	delete_logentry
4	Can view log entry	1	view_logentry
5	Can add permission	2	add_permission
6	Can change permission	2	change_permission
7	Can delete permission	2	delete_permission
8	Can view permission	2	view_permission
9	Can add group	3	add_group
10	Can change group	3	change_group
11	Can delete group	3	delete_group
12	Can view group	3	view_group
13	Can add content type	4	add_contenttype
14	Can change content type	4	change_contenttype
15	Can delete content type	4	delete_contenttype
16	Can view content type	4	view_contenttype
17	Can add session	5	add_session
18	Can change session	5	change_session
19	Can delete session	5	delete_session
20	Can view session	5	view_session
21	Can add Пользователь	6	add_user
22	Can change Пользователь	6	change_user
23	Can delete Пользователь	6	delete_user
24	Can view Пользователь	6	view_user
25	Can add Проект	7	add_project
26	Can change Проект	7	change_project
27	Can delete Проект	7	delete_project
28	Can view Проект	7	view_project
\.


--
-- Data for Name: django_admin_log; Type: TABLE DATA; Schema: public; Owner: -
--

COPY public.django_admin_log (id, action_time, object_id, object_repr, action_flag, change_message, content_type_id, user_id) FROM stdin;
\.


--
-- Data for Name: django_content_type; Type: TABLE DATA; Schema: public; Owner: -
--

COPY public.django_content_type (id, app_label, model) FROM stdin;
1	admin	logentry
2	auth	permission
3	auth	group
4	contenttypes	contenttype
5	sessions	session
6	users	user
7	projects	project
\.


--
-- Data for Name: django_migrations; Type: TABLE DATA; Schema: public; Owner: -
--

COPY public.django_migrations (id, app, name, applied) FROM stdin;
1	projects	0001_initial	2026-05-29 08:38:10.449458+07
2	contenttypes	0001_initial	2026-05-29 08:38:10.458976+07
3	contenttypes	0002_remove_content_type_name	2026-05-29 08:38:10.464081+07
4	auth	0001_initial	2026-05-29 08:38:10.499054+07
5	auth	0002_alter_permission_name_max_length	2026-05-29 08:38:10.503763+07
6	auth	0003_alter_user_email_max_length	2026-05-29 08:38:10.507453+07
7	auth	0004_alter_user_username_opts	2026-05-29 08:38:10.5115+07
8	auth	0005_alter_user_last_login_null	2026-05-29 08:38:10.515234+07
9	auth	0006_require_contenttypes_0002	2026-05-29 08:38:10.51684+07
10	auth	0007_alter_validators_add_error_messages	2026-05-29 08:38:10.521029+07
11	auth	0008_alter_user_username_max_length	2026-05-29 08:38:10.525176+07
12	auth	0009_alter_user_last_name_max_length	2026-05-29 08:38:10.532272+07
13	auth	0010_alter_group_name_max_length	2026-05-29 08:38:10.540097+07
14	auth	0011_update_proxy_permissions	2026-05-29 08:38:10.544572+07
15	auth	0012_alter_user_first_name_max_length	2026-05-29 08:38:10.548939+07
16	users	0001_initial	2026-05-29 08:38:10.614991+07
17	admin	0001_initial	2026-05-29 08:38:10.637828+07
18	admin	0002_logentry_remove_auto_add	2026-05-29 08:38:10.644451+07
19	admin	0003_logentry_add_action_flag_choices	2026-05-29 08:38:10.651978+07
20	projects	0002_initial	2026-05-29 08:38:10.68296+07
21	sessions	0001_initial	2026-05-29 08:38:10.695163+07
22	users	0002_alter_user_phone	2026-05-29 09:37:02.594224+07
23	users	0003_alter_user_phone	2026-05-29 20:15:19.264528+07
24	projects	0003_alter_project_status	2026-05-29 20:46:02.828045+07
\.


--
-- Data for Name: django_session; Type: TABLE DATA; Schema: public; Owner: -
--

COPY public.django_session (session_key, session_data, expire_date) FROM stdin;
dtt6tf6k0x49ue9gttetgny865vcyn85	.eJxVjEEOwiAQRe_C2hBKZxxw6b5nIAMMUjVtUtqV8e7apAvd_vfef6nA21rD1mQJY1YXher0u0VOD5l2kO883Wad5mldxqh3RR-06WHO8rwe7t9B5Va_NbCzVEyR3qSUGQi8J5-zjSn2BgUtFAGk4s5kmBxEKNCnDhFtJ57U-wPqvjeI:1wZ14A:lTlBE3Nq58TbsvxoGqBcKzHxBihJHC_C8mblid4IdqU	2026-06-29 13:45:02.753602+07
gdfcv6kaixx2ulpg7cg9abugk6jyx6cx	.eJxVjEEOwiAQRe_C2hCgpQ4u3XsGMgMzUjU0Ke3KeHfbpAvd_vf-e6uI61Li2niOY1YXNajT70aYnlx3kB9Y75NOU13mkfSu6IM2fZsyv66H-xco2Mr2lnAmCdCJFxQDJnSBeiAn5CyAEzbJI249A3ZACxlzsMYy9MQeXVKfL_u1OJM:1wZ14z:lbL7RUzHdPdCz-eH_CBN9jYWs0NYNSeWgDLeeEgGJbE	2026-06-29 13:45:53.093334+07
ke9w80i8z4eoyjfurxq2tk12vu7szink	.eJxVjEEOwiAQRe_C2hCgpQ4u3XsGMgMzUjU0Ke3KeHfbpAvd_vf-e6uI61Li2niOY1YXNajT70aYnlx3kB9Y75NOU13mkfSu6IM2fZsyv66H-xco2Mr2lnAmCdCJFxQDJnSBeiAn5CyAEzbJI249A3ZACxlzsMYy9MQeXVKfL_u1OJM:1wZ16t:F0xNqMO6yzhyS19kp8sOTrUpGr8KC1zJu2KKOpMxas4	2026-06-29 13:47:51.115331+07
hmrmpngm3zxmz4ls48gkcwbpbbyl66kl	.eJxVjEEOwiAQRe_C2hCoM0Bduu8ZCMwMUjVtUtqV8e7apAvd_vfef6mYtrXGrckSR1YX5dXpd8uJHjLtgO9pus2a5mldxqx3RR-06WFmeV4P9--gpla_taDlTgqcA5ROMBT0CGIxWJbcO0KfBByXLlsGZwz1yGATEBohYlHvD-wBOGw:1wZ1V8:Rfd_Q7jKSYf9qn44lEpvGne6DPqoojVlLjYVTLNt8pM	2026-06-29 14:12:54.730696+07
\.


--
-- Data for Name: projects_project; Type: TABLE DATA; Schema: public; Owner: -
--

COPY public.projects_project (id, name, description, created_at, github_url, status, owner_id) FROM stdin;
9	Тестовый проект 1	Тест 1	2026-06-15 14:12:06.634932+07	https://github.com/DenisLearning2/tedt	открыт	6
10	Тест 2	Тест 2	2026-06-15 14:12:24.310508+07	https://github.com/DenisLearning2/team-finder-ad	открыт	6
11	Тест 3	Тест 3	2026-06-15 14:13:27.588319+07	https://github.com/DenisLearning2/team-finder-ad	открыт	7
12	Тест 4	Тест 4	2026-06-15 14:13:40.353767+07	https://github.com/DenisLearning2/tedt	открыт	7
\.


--
-- Data for Name: projects_project_participants; Type: TABLE DATA; Schema: public; Owner: -
--

COPY public.projects_project_participants (id, project_id, user_id) FROM stdin;
31	9	6
32	10	6
33	9	7
35	11	7
36	12	7
\.


--
-- Data for Name: users_user; Type: TABLE DATA; Schema: public; Owner: -
--

COPY public.users_user (id, password, last_login, is_superuser, email, name, surname, avatar, phone, github_url, about, is_active, is_staff, created_at) FROM stdin;
6	pbkdf2_sha256$1000000$SQoVHNn2Yj3XhaqvTdfYPD$kXZt6mAqRCJE+usS/HHbrRym5xlp8JpbL33MRoAygwo=	2026-06-15 13:47:51.180901+07	f	test1@mail.ru	Test1	Test1	avatars/avatar_test1_mail_Q0YTOLA.ru.png	\N	\N	\N	t	f	2026-06-15 13:45:53.08852+07
7	pbkdf2_sha256$1000000$xQj73ygHwfMA8fm4ZC0vn4$AALp+NBDI+jb0MEHm+19LajZSBwcyN9TcQSLp1Lp85Q=	2026-06-15 14:12:54.727998+07	f	test2@mail.ru	Test2	Test2	avatars/avatar_test2_mail_f8N8zHj.ru.png	\N	\N	\N	t	f	2026-06-15 14:12:54.714+07
\.


--
-- Data for Name: users_user_favorites; Type: TABLE DATA; Schema: public; Owner: -
--

COPY public.users_user_favorites (id, user_id, project_id) FROM stdin;
1	7	10
\.


--
-- Data for Name: users_user_groups; Type: TABLE DATA; Schema: public; Owner: -
--

COPY public.users_user_groups (id, user_id, group_id) FROM stdin;
\.


--
-- Data for Name: users_user_user_permissions; Type: TABLE DATA; Schema: public; Owner: -
--

COPY public.users_user_user_permissions (id, user_id, permission_id) FROM stdin;
\.


--
-- Name: auth_group_id_seq; Type: SEQUENCE SET; Schema: public; Owner: -
--

SELECT pg_catalog.setval('public.auth_group_id_seq', 1, false);


--
-- Name: auth_group_permissions_id_seq; Type: SEQUENCE SET; Schema: public; Owner: -
--

SELECT pg_catalog.setval('public.auth_group_permissions_id_seq', 1, false);


--
-- Name: auth_permission_id_seq; Type: SEQUENCE SET; Schema: public; Owner: -
--

SELECT pg_catalog.setval('public.auth_permission_id_seq', 28, true);


--
-- Name: django_admin_log_id_seq; Type: SEQUENCE SET; Schema: public; Owner: -
--

SELECT pg_catalog.setval('public.django_admin_log_id_seq', 1, false);


--
-- Name: django_content_type_id_seq; Type: SEQUENCE SET; Schema: public; Owner: -
--

SELECT pg_catalog.setval('public.django_content_type_id_seq', 7, true);


--
-- Name: django_migrations_id_seq; Type: SEQUENCE SET; Schema: public; Owner: -
--

SELECT pg_catalog.setval('public.django_migrations_id_seq', 24, true);


--
-- Name: projects_project_id_seq; Type: SEQUENCE SET; Schema: public; Owner: -
--

SELECT pg_catalog.setval('public.projects_project_id_seq', 12, true);


--
-- Name: projects_project_participants_id_seq; Type: SEQUENCE SET; Schema: public; Owner: -
--

SELECT pg_catalog.setval('public.projects_project_participants_id_seq', 36, true);


--
-- Name: users_user_favorites_id_seq; Type: SEQUENCE SET; Schema: public; Owner: -
--

SELECT pg_catalog.setval('public.users_user_favorites_id_seq', 1, true);


--
-- Name: users_user_groups_id_seq; Type: SEQUENCE SET; Schema: public; Owner: -
--

SELECT pg_catalog.setval('public.users_user_groups_id_seq', 1, false);


--
-- Name: users_user_id_seq; Type: SEQUENCE SET; Schema: public; Owner: -
--

SELECT pg_catalog.setval('public.users_user_id_seq', 7, true);


--
-- Name: users_user_user_permissions_id_seq; Type: SEQUENCE SET; Schema: public; Owner: -
--

SELECT pg_catalog.setval('public.users_user_user_permissions_id_seq', 1, false);


--
-- Name: auth_group auth_group_name_key; Type: CONSTRAINT; Schema: public; Owner: -
--

ALTER TABLE ONLY public.auth_group
    ADD CONSTRAINT auth_group_name_key UNIQUE (name);


--
-- Name: auth_group_permissions auth_group_permissions_group_id_permission_id_0cd325b0_uniq; Type: CONSTRAINT; Schema: public; Owner: -
--

ALTER TABLE ONLY public.auth_group_permissions
    ADD CONSTRAINT auth_group_permissions_group_id_permission_id_0cd325b0_uniq UNIQUE (group_id, permission_id);


--
-- Name: auth_group_permissions auth_group_permissions_pkey; Type: CONSTRAINT; Schema: public; Owner: -
--

ALTER TABLE ONLY public.auth_group_permissions
    ADD CONSTRAINT auth_group_permissions_pkey PRIMARY KEY (id);


--
-- Name: auth_group auth_group_pkey; Type: CONSTRAINT; Schema: public; Owner: -
--

ALTER TABLE ONLY public.auth_group
    ADD CONSTRAINT auth_group_pkey PRIMARY KEY (id);


--
-- Name: auth_permission auth_permission_content_type_id_codename_01ab375a_uniq; Type: CONSTRAINT; Schema: public; Owner: -
--

ALTER TABLE ONLY public.auth_permission
    ADD CONSTRAINT auth_permission_content_type_id_codename_01ab375a_uniq UNIQUE (content_type_id, codename);


--
-- Name: auth_permission auth_permission_pkey; Type: CONSTRAINT; Schema: public; Owner: -
--

ALTER TABLE ONLY public.auth_permission
    ADD CONSTRAINT auth_permission_pkey PRIMARY KEY (id);


--
-- Name: django_admin_log django_admin_log_pkey; Type: CONSTRAINT; Schema: public; Owner: -
--

ALTER TABLE ONLY public.django_admin_log
    ADD CONSTRAINT django_admin_log_pkey PRIMARY KEY (id);


--
-- Name: django_content_type django_content_type_app_label_model_76bd3d3b_uniq; Type: CONSTRAINT; Schema: public; Owner: -
--

ALTER TABLE ONLY public.django_content_type
    ADD CONSTRAINT django_content_type_app_label_model_76bd3d3b_uniq UNIQUE (app_label, model);


--
-- Name: django_content_type django_content_type_pkey; Type: CONSTRAINT; Schema: public; Owner: -
--

ALTER TABLE ONLY public.django_content_type
    ADD CONSTRAINT django_content_type_pkey PRIMARY KEY (id);


--
-- Name: django_migrations django_migrations_pkey; Type: CONSTRAINT; Schema: public; Owner: -
--

ALTER TABLE ONLY public.django_migrations
    ADD CONSTRAINT django_migrations_pkey PRIMARY KEY (id);


--
-- Name: django_session django_session_pkey; Type: CONSTRAINT; Schema: public; Owner: -
--

ALTER TABLE ONLY public.django_session
    ADD CONSTRAINT django_session_pkey PRIMARY KEY (session_key);


--
-- Name: projects_project_participants projects_project_participants_pkey; Type: CONSTRAINT; Schema: public; Owner: -
--

ALTER TABLE ONLY public.projects_project_participants
    ADD CONSTRAINT projects_project_participants_pkey PRIMARY KEY (id);


--
-- Name: projects_project_participants projects_project_participants_project_id_user_id_64171833_uniq; Type: CONSTRAINT; Schema: public; Owner: -
--

ALTER TABLE ONLY public.projects_project_participants
    ADD CONSTRAINT projects_project_participants_project_id_user_id_64171833_uniq UNIQUE (project_id, user_id);


--
-- Name: projects_project projects_project_pkey; Type: CONSTRAINT; Schema: public; Owner: -
--

ALTER TABLE ONLY public.projects_project
    ADD CONSTRAINT projects_project_pkey PRIMARY KEY (id);


--
-- Name: users_user users_user_email_key; Type: CONSTRAINT; Schema: public; Owner: -
--

ALTER TABLE ONLY public.users_user
    ADD CONSTRAINT users_user_email_key UNIQUE (email);


--
-- Name: users_user_favorites users_user_favorites_pkey; Type: CONSTRAINT; Schema: public; Owner: -
--

ALTER TABLE ONLY public.users_user_favorites
    ADD CONSTRAINT users_user_favorites_pkey PRIMARY KEY (id);


--
-- Name: users_user_favorites users_user_favorites_user_id_project_id_64f30546_uniq; Type: CONSTRAINT; Schema: public; Owner: -
--

ALTER TABLE ONLY public.users_user_favorites
    ADD CONSTRAINT users_user_favorites_user_id_project_id_64f30546_uniq UNIQUE (user_id, project_id);


--
-- Name: users_user_groups users_user_groups_pkey; Type: CONSTRAINT; Schema: public; Owner: -
--

ALTER TABLE ONLY public.users_user_groups
    ADD CONSTRAINT users_user_groups_pkey PRIMARY KEY (id);


--
-- Name: users_user_groups users_user_groups_user_id_group_id_b88eab82_uniq; Type: CONSTRAINT; Schema: public; Owner: -
--

ALTER TABLE ONLY public.users_user_groups
    ADD CONSTRAINT users_user_groups_user_id_group_id_b88eab82_uniq UNIQUE (user_id, group_id);


--
-- Name: users_user users_user_phone_fe37f55c_uniq; Type: CONSTRAINT; Schema: public; Owner: -
--

ALTER TABLE ONLY public.users_user
    ADD CONSTRAINT users_user_phone_fe37f55c_uniq UNIQUE (phone);


--
-- Name: users_user users_user_pkey; Type: CONSTRAINT; Schema: public; Owner: -
--

ALTER TABLE ONLY public.users_user
    ADD CONSTRAINT users_user_pkey PRIMARY KEY (id);


--
-- Name: users_user_user_permissions users_user_user_permissions_pkey; Type: CONSTRAINT; Schema: public; Owner: -
--

ALTER TABLE ONLY public.users_user_user_permissions
    ADD CONSTRAINT users_user_user_permissions_pkey PRIMARY KEY (id);


--
-- Name: users_user_user_permissions users_user_user_permissions_user_id_permission_id_43338c45_uniq; Type: CONSTRAINT; Schema: public; Owner: -
--

ALTER TABLE ONLY public.users_user_user_permissions
    ADD CONSTRAINT users_user_user_permissions_user_id_permission_id_43338c45_uniq UNIQUE (user_id, permission_id);


--
-- Name: auth_group_name_a6ea08ec_like; Type: INDEX; Schema: public; Owner: -
--

CREATE INDEX auth_group_name_a6ea08ec_like ON public.auth_group USING btree (name varchar_pattern_ops);


--
-- Name: auth_group_permissions_group_id_b120cbf9; Type: INDEX; Schema: public; Owner: -
--

CREATE INDEX auth_group_permissions_group_id_b120cbf9 ON public.auth_group_permissions USING btree (group_id);


--
-- Name: auth_group_permissions_permission_id_84c5c92e; Type: INDEX; Schema: public; Owner: -
--

CREATE INDEX auth_group_permissions_permission_id_84c5c92e ON public.auth_group_permissions USING btree (permission_id);


--
-- Name: auth_permission_content_type_id_2f476e4b; Type: INDEX; Schema: public; Owner: -
--

CREATE INDEX auth_permission_content_type_id_2f476e4b ON public.auth_permission USING btree (content_type_id);


--
-- Name: django_admin_log_content_type_id_c4bce8eb; Type: INDEX; Schema: public; Owner: -
--

CREATE INDEX django_admin_log_content_type_id_c4bce8eb ON public.django_admin_log USING btree (content_type_id);


--
-- Name: django_admin_log_user_id_c564eba6; Type: INDEX; Schema: public; Owner: -
--

CREATE INDEX django_admin_log_user_id_c564eba6 ON public.django_admin_log USING btree (user_id);


--
-- Name: django_session_expire_date_a5c62663; Type: INDEX; Schema: public; Owner: -
--

CREATE INDEX django_session_expire_date_a5c62663 ON public.django_session USING btree (expire_date);


--
-- Name: django_session_session_key_c0390e0f_like; Type: INDEX; Schema: public; Owner: -
--

CREATE INDEX django_session_session_key_c0390e0f_like ON public.django_session USING btree (session_key varchar_pattern_ops);


--
-- Name: projects_project_owner_id_b940de39; Type: INDEX; Schema: public; Owner: -
--

CREATE INDEX projects_project_owner_id_b940de39 ON public.projects_project USING btree (owner_id);


--
-- Name: projects_project_participants_project_id_977bbd69; Type: INDEX; Schema: public; Owner: -
--

CREATE INDEX projects_project_participants_project_id_977bbd69 ON public.projects_project_participants USING btree (project_id);


--
-- Name: projects_project_participants_user_id_5905fe7e; Type: INDEX; Schema: public; Owner: -
--

CREATE INDEX projects_project_participants_user_id_5905fe7e ON public.projects_project_participants USING btree (user_id);


--
-- Name: users_user_email_243f6e77_like; Type: INDEX; Schema: public; Owner: -
--

CREATE INDEX users_user_email_243f6e77_like ON public.users_user USING btree (email varchar_pattern_ops);


--
-- Name: users_user_favorites_project_id_9f10812e; Type: INDEX; Schema: public; Owner: -
--

CREATE INDEX users_user_favorites_project_id_9f10812e ON public.users_user_favorites USING btree (project_id);


--
-- Name: users_user_favorites_user_id_fcff1f9e; Type: INDEX; Schema: public; Owner: -
--

CREATE INDEX users_user_favorites_user_id_fcff1f9e ON public.users_user_favorites USING btree (user_id);


--
-- Name: users_user_groups_group_id_9afc8d0e; Type: INDEX; Schema: public; Owner: -
--

CREATE INDEX users_user_groups_group_id_9afc8d0e ON public.users_user_groups USING btree (group_id);


--
-- Name: users_user_groups_user_id_5f6f5a90; Type: INDEX; Schema: public; Owner: -
--

CREATE INDEX users_user_groups_user_id_5f6f5a90 ON public.users_user_groups USING btree (user_id);


--
-- Name: users_user_phone_fe37f55c_like; Type: INDEX; Schema: public; Owner: -
--

CREATE INDEX users_user_phone_fe37f55c_like ON public.users_user USING btree (phone varchar_pattern_ops);


--
-- Name: users_user_user_permissions_permission_id_0b93982e; Type: INDEX; Schema: public; Owner: -
--

CREATE INDEX users_user_user_permissions_permission_id_0b93982e ON public.users_user_user_permissions USING btree (permission_id);


--
-- Name: users_user_user_permissions_user_id_20aca447; Type: INDEX; Schema: public; Owner: -
--

CREATE INDEX users_user_user_permissions_user_id_20aca447 ON public.users_user_user_permissions USING btree (user_id);


--
-- Name: auth_group_permissions auth_group_permissio_permission_id_84c5c92e_fk_auth_perm; Type: FK CONSTRAINT; Schema: public; Owner: -
--

ALTER TABLE ONLY public.auth_group_permissions
    ADD CONSTRAINT auth_group_permissio_permission_id_84c5c92e_fk_auth_perm FOREIGN KEY (permission_id) REFERENCES public.auth_permission(id) DEFERRABLE INITIALLY DEFERRED;


--
-- Name: auth_group_permissions auth_group_permissions_group_id_b120cbf9_fk_auth_group_id; Type: FK CONSTRAINT; Schema: public; Owner: -
--

ALTER TABLE ONLY public.auth_group_permissions
    ADD CONSTRAINT auth_group_permissions_group_id_b120cbf9_fk_auth_group_id FOREIGN KEY (group_id) REFERENCES public.auth_group(id) DEFERRABLE INITIALLY DEFERRED;


--
-- Name: auth_permission auth_permission_content_type_id_2f476e4b_fk_django_co; Type: FK CONSTRAINT; Schema: public; Owner: -
--

ALTER TABLE ONLY public.auth_permission
    ADD CONSTRAINT auth_permission_content_type_id_2f476e4b_fk_django_co FOREIGN KEY (content_type_id) REFERENCES public.django_content_type(id) DEFERRABLE INITIALLY DEFERRED;


--
-- Name: django_admin_log django_admin_log_content_type_id_c4bce8eb_fk_django_co; Type: FK CONSTRAINT; Schema: public; Owner: -
--

ALTER TABLE ONLY public.django_admin_log
    ADD CONSTRAINT django_admin_log_content_type_id_c4bce8eb_fk_django_co FOREIGN KEY (content_type_id) REFERENCES public.django_content_type(id) DEFERRABLE INITIALLY DEFERRED;


--
-- Name: django_admin_log django_admin_log_user_id_c564eba6_fk_users_user_id; Type: FK CONSTRAINT; Schema: public; Owner: -
--

ALTER TABLE ONLY public.django_admin_log
    ADD CONSTRAINT django_admin_log_user_id_c564eba6_fk_users_user_id FOREIGN KEY (user_id) REFERENCES public.users_user(id) DEFERRABLE INITIALLY DEFERRED;


--
-- Name: projects_project projects_project_owner_id_b940de39_fk_users_user_id; Type: FK CONSTRAINT; Schema: public; Owner: -
--

ALTER TABLE ONLY public.projects_project
    ADD CONSTRAINT projects_project_owner_id_b940de39_fk_users_user_id FOREIGN KEY (owner_id) REFERENCES public.users_user(id) DEFERRABLE INITIALLY DEFERRED;


--
-- Name: projects_project_participants projects_project_par_project_id_977bbd69_fk_projects_; Type: FK CONSTRAINT; Schema: public; Owner: -
--

ALTER TABLE ONLY public.projects_project_participants
    ADD CONSTRAINT projects_project_par_project_id_977bbd69_fk_projects_ FOREIGN KEY (project_id) REFERENCES public.projects_project(id) DEFERRABLE INITIALLY DEFERRED;


--
-- Name: projects_project_participants projects_project_participants_user_id_5905fe7e_fk_users_user_id; Type: FK CONSTRAINT; Schema: public; Owner: -
--

ALTER TABLE ONLY public.projects_project_participants
    ADD CONSTRAINT projects_project_participants_user_id_5905fe7e_fk_users_user_id FOREIGN KEY (user_id) REFERENCES public.users_user(id) DEFERRABLE INITIALLY DEFERRED;


--
-- Name: users_user_favorites users_user_favorites_project_id_9f10812e_fk_projects_project_id; Type: FK CONSTRAINT; Schema: public; Owner: -
--

ALTER TABLE ONLY public.users_user_favorites
    ADD CONSTRAINT users_user_favorites_project_id_9f10812e_fk_projects_project_id FOREIGN KEY (project_id) REFERENCES public.projects_project(id) DEFERRABLE INITIALLY DEFERRED;


--
-- Name: users_user_favorites users_user_favorites_user_id_fcff1f9e_fk_users_user_id; Type: FK CONSTRAINT; Schema: public; Owner: -
--

ALTER TABLE ONLY public.users_user_favorites
    ADD CONSTRAINT users_user_favorites_user_id_fcff1f9e_fk_users_user_id FOREIGN KEY (user_id) REFERENCES public.users_user(id) DEFERRABLE INITIALLY DEFERRED;


--
-- Name: users_user_groups users_user_groups_group_id_9afc8d0e_fk_auth_group_id; Type: FK CONSTRAINT; Schema: public; Owner: -
--

ALTER TABLE ONLY public.users_user_groups
    ADD CONSTRAINT users_user_groups_group_id_9afc8d0e_fk_auth_group_id FOREIGN KEY (group_id) REFERENCES public.auth_group(id) DEFERRABLE INITIALLY DEFERRED;


--
-- Name: users_user_groups users_user_groups_user_id_5f6f5a90_fk_users_user_id; Type: FK CONSTRAINT; Schema: public; Owner: -
--

ALTER TABLE ONLY public.users_user_groups
    ADD CONSTRAINT users_user_groups_user_id_5f6f5a90_fk_users_user_id FOREIGN KEY (user_id) REFERENCES public.users_user(id) DEFERRABLE INITIALLY DEFERRED;


--
-- Name: users_user_user_permissions users_user_user_perm_permission_id_0b93982e_fk_auth_perm; Type: FK CONSTRAINT; Schema: public; Owner: -
--

ALTER TABLE ONLY public.users_user_user_permissions
    ADD CONSTRAINT users_user_user_perm_permission_id_0b93982e_fk_auth_perm FOREIGN KEY (permission_id) REFERENCES public.auth_permission(id) DEFERRABLE INITIALLY DEFERRED;


--
-- Name: users_user_user_permissions users_user_user_permissions_user_id_20aca447_fk_users_user_id; Type: FK CONSTRAINT; Schema: public; Owner: -
--

ALTER TABLE ONLY public.users_user_user_permissions
    ADD CONSTRAINT users_user_user_permissions_user_id_20aca447_fk_users_user_id FOREIGN KEY (user_id) REFERENCES public.users_user(id) DEFERRABLE INITIALLY DEFERRED;


--
-- PostgreSQL database dump complete
--

\unrestrict 9atxIohgGZy97DEPQhA6XDBi00Yff5MXk7zhn6CTWLdvU4qySpLdCbvgZMmXD3k

